Product Name,SOP Link,Description,SKU,Vertical,Note Date
Air-Jordan-1-Retro-Low-OG-SP-Fragment-x-Travis-Scott-Sail-Military-Blue,"https://stockxllc-prod-119644310.litmos.com/course/23052170/module/29464411?moduletoken=TawELC2ai2WYphbrhGBaFhBUgAkZ-rpGeQu912kTDwAne2NhDMFryr2LrwXOvNkg&LPId=0,https://stockxllc-prod-119644310.litmos.com/course/25308399/module/31673224?moduletoken=TawELC2ai2WYphbrhGBaFtF7SWrfsDUPetU09Oy~scQDlGBo7KSZ88UGutAzKZHQ&LPId=0,https://stockxllc-prod-119644310.litmos.com/course/26582755/module/32899131?moduletoken=TawELC2ai2WYphbrhGBaFinhbV3YNqh5T9~Z~RVHa5u4sjJcrZFARhp2UeNSeDvu&LPId=0,https://stockxllc-prod-119644310.litmos.com/course/31418419/module/37788045?moduletoken=TawELC2ai2WYphbrhGBaFiZ78kqoQ86iePQE9~XPSoWi6OK25sdUAZ3W~prCBTEu&LPId=0",,DM7866-104,sneakers,
Air-Jordan-1-Retro-Low-OG-SP-Medium-Olive,https://stockxllc-prod-119644310.litmos.com/course/19746316/module/25963898?LPId=0,,DM7866-200,sneakers,
Air-Jordan-4-Retro-Black-Cat-2025,"https://stockxllc-prod-119644310.litmos.com/course/30790178/module/37150598?moduletoken=TawELC2ai2WYphbrhGBaFr2s1vryFyLPLItwIJi9FXueNV8L8Llhvzn9WGgRLqCJ&LPId=0,https://stockxllc-prod-119644310.litmos.com/course/31823811/module/38198570?moduletoken=TawELC2ai2WYphbrhGBaFqstDgjtR8LRMwrE6AfKfiGa7BkhDOv9WJIoEUEO9rOb&LPId=0",,,sneakers,
Fear-of-God-Essentials-Classic-Hoodie-Heather-Stone,https://stockxllc-prod-119644310.litmos.com/course/18937105/module/25179548?LPId=0,,,apparel,
Fear-of-God-Essentials-Crewneck-Ink,https://stockxllc-prod-119644310.litmos.com/course/18937105/module/25179548?LPId=0,,,apparel,
fear-of-god-essentials-fleece-essential-sweatpant-fw24-black,https://stockxllc-prod-119644310.litmos.com/course/18937105/module/25179548?LPId=0,,,apparel,
Fear-of-God-Essentials-Fleece-Hoodie-FW24-Black,https://stockxllc-prod-119644310.litmos.com/course/18937105/module/25179548?LPId=0,,,apparel,
fear-of-god-essentials-nylon-fleece-hoodie-jet-black-jet-black,https://stockxllc-prod-119644310.litmos.com/course/18937105/module/25179548?LPId=0,,,apparel,
fear-of-god-essentials-sweatpants-jet-black,https://stockxllc-prod-119644310.litmos.com/course/18937105/module/25179548?LPId=0,,,apparel,
pop-mart-the-monsters-labubu-10th-anniversary-exhibition-limited-edition-vinyl-plush-pendant,https://stockxllc-prod-119644310.litmos.com/course/30032047/module/36383431?moduletoken=TawELC2ai2WYphbrhGBaFq6bfJYme1Mvb7x2S~O6Ine24yIN03RDavYdVmZ6iziW&LPId=0,,,collectibles,
pop-mart-why-so-serious-series-vinyl-plush-pendant-sealed-case-8-blind-boxes,https://stockxllc-prod-119644310.litmos.com/course/30032047/module/36383434/open?moduletype=6&assigned=False&LPId=0,,,collectibles,
Mihara-Yasuhiro-Peterson-OG-Sole-Canvas-Low-Natural,https://stockxllc-prod-119644310.litmos.com/course/33199488/module/39621696?moduletoken=TawELC2ai2WYphbrhGBaFoWzhW8ASdGeDEYmpw1Yi01n7K708oUYoCGb6QJcuBLY&LPId=0,,,sneakers,
Maison-Mihara-Yasuhiro-Peterson-OG-Sole-Canvas-Low-Black,https://stockxllc-prod-119644310.litmos.com/course/33199488/module/39621696?moduletoken=TawELC2ai2WYphbrhGBaFoWzhW8ASdGeDEYmpw1Yi01n7K708oUYoCGb6QJcuBLY&LPId=0,,,sneakers,
a-bathing-ape-ape-head-puffer-sandals-subu-brown,,"Please Note: Sizes convert as follows: S = 22-23.5cm, M = 24-25.5cm L = 26-27.5cm, XL = 28-29.5cm",001FWK801901-BRW/1K80-191-901-BRW,shoes,2026-03-05
Casio-G-Shock-Digital-GMW-B5000G-1-Grey,,"Please Note: Fonts engraving should be clear and clean be aware with blurry/sloppy finishing, Links between band and watch on this model should come with black colour and “G-Shock” fonts embossed on it, Be on extra look out while pairing blue tooth double check the photo and model number should be matching",GMW-B5000G-1,accessories,2026-02-25
carhartt-wip-x-sacai-duck-jacket-sacai-green,,"Please Note: Sizes convert as follows: XXS = JP0, XS = JP1, S = JP2, M = JP3, L = JP4, XL = JP5, XXL = JP6.",I036945_3YM_XX / 25-00990S-551,apparel,2026-02-10
carhartt-wip-x-sacai-duck-jacket-sacai-dark-beige,,"Please Note: Sizes convert as follows: XXS = JP0, XS = JP1, S = JP2, M = JP3, L = JP4, XL = JP5, XXL = JP6.",I036945_3YL_XX / 25-00990S-642,apparel,2026-02-10
carhartt-wip-x-sacai-duck-jacket-sacai-black,,"Please Note: Sizes convert as follows: XXS = JP0, XS = JP1, S = JP2, M = JP3, L = JP4, XL = JP5, XXL = JP6.",I036945_1VR_XX / 25-00990S-001,apparel,2026-02-10
Puma-Speedcat-Ttf-Dark-Chocolate-Frosted-Ivory,,Green trace line Passable,403903-01,sneakers,2026-01-09
Ugg-Classic-Short-Boot-Jeremy-Scott-Flames-Chestnut-2025,,Traceline on midsole passable,1182671-CHE,shoes,2026-01-15
New-Balance-471-Sezane,,Sockliner Traceline passable,U471SE,sneakers,2025-12-31
Balenciaga-Triple-S-Tape-Type-Black-Yellow,,Passable trace line and point mark,536737 WTRST 1070,sneakers,2025-12-31
adidas-Samba-Og-Made-In-Italy-Core-White,,"Passable trace line, please trouble if missing size tag sticker",ID2865,sneakers,2025-12-19
Supreme-Backpack-Ss24-Black,https://stockxllc-prod-119644310.litmos.com/course/33199500/module/39621700?moduletoken=TawELC2ai2WYphbrhGBaFvdSiSboBd9JSOxI815wRKc0Pq4WPG70r6L43MnjIuKH&LPId=0,,,accessories,
Travis-Scott-Cj-X-Audemars-Piguet-Watch-Face-Tee-Green,https://stockxllc-prod-119644310.litmos.com/course/33199500/module/39630805?moduletoken=TawELC2ai2WYphbrhGBaFmfHXc9l5RI7ppz42MWH4I~CHid2UxSHWGpi4gXxBHw0&LPId=0,,,apparel,
Nike-Air-Foamposite-One-Stranger-Things,,,IR7336-001,sneakers,
Arcteryx-Gamma-Mx-Hoodie-Jacket-Ss25-Black,https://stockxllc-prod-119644310.litmos.com/course/32912915/module/39325263?moduletoken=TawELC2ai2WYphbrhGBaFhEP0bfITTHyCHwY8wMICPu1a-PKiS9ugF-rXzBUk~jY&LPId=0,,,apparel,
Arcteryx-Gamma-Mx-Hoodie-Jacket-Ss25-Forage-Verve,https://stockxllc-prod-119644310.litmos.com/course/32912915/module/39325263?moduletoken=TawELC2ai2WYphbrhGBaFhEP0bfITTHyCHwY8wMICPu1a-PKiS9ugF-rXzBUk~jY&LPId=0,,,apparel,
Arcteryx-Gamma-Mx-Hoodie-Jacket-Ss25-Dynasty,https://stockxllc-prod-119644310.litmos.com/course/32912915/module/39325263?moduletoken=TawELC2ai2WYphbrhGBaFhEP0bfITTHyCHwY8wMICPu1a-PKiS9ugF-rXzBUk~jY&LPId=0,,,apparel,
Arcteryx-Gamma-Mx-Hoodie-Jacket-Ss25-Black-Sapphire-Ii,https://stockxllc-prod-119644310.litmos.com/course/32912915/module/39325263?moduletoken=TawELC2ai2WYphbrhGBaFhEP0bfITTHyCHwY8wMICPu1a-PKiS9ugF-rXzBUk~jY&LPId=0,,,apparel,
Funism-Pokemon-Charmander-Home-Collection-Figure,https://stockxllc-prod-119644310.litmos.com/course/32912916/module/39325251?moduletoken=TawELC2ai2WYphbrhGBaFktqNAJLJkuEdWhvRsAMXG8QlwoEECv-fefhv~pqKkoW&LPId=0,,,collectibles,
Daft-Punk-Tron-Legacy-Soundtrack-2Xlp-Vinyl-Blue-Neon-Orange,https://stockxllc-prod-119644310.litmos.com/course/32912916/module/39325251?moduletoken=TawELC2ai2WYphbrhGBaFktqNAJLJkuEdWhvRsAMXG8QlwoEECv-fefhv~pqKkoW&LPId=0,,,collectibles,
Daft-Punk-Tron-Legacy-Vinyl-Edition-Motion-Picture-Sondtrack-2Xlp,https://stockxllc-prod-119644310.litmos.com/course/32912916/module/39325251?moduletoken=TawELC2ai2WYphbrhGBaFktqNAJLJkuEdWhvRsAMXG8QlwoEECv-fefhv~pqKkoW&LPId=0,,,collectibles,
Hot-Wheels-X-Kenny-Scharf-Custom-T-Bird,https://stockxllc-prod-119644310.litmos.com/course/32912916/module/39325251?moduletoken=TawELC2ai2WYphbrhGBaFktqNAJLJkuEdWhvRsAMXG8QlwoEECv-fefhv~pqKkoW&LPId=0,,,collectibles,
Hot-Wheels-X-Kenny-Scharf-Signed-Custom-T-Bird,https://stockxllc-prod-119644310.litmos.com/course/32912916/module/39325251?moduletoken=TawELC2ai2WYphbrhGBaFktqNAJLJkuEdWhvRsAMXG8QlwoEECv-fefhv~pqKkoW&LPId=0,,,collectibles,
Air-Jordan-1-Retro-High-Og-Sp-Fragment-X-Union-La-Sport-Royal,https://stockxllc-prod-119644310.litmos.com/course/32912918/module/39325272?moduletoken=TawELC2ai2WYphbrhGBaFqz8TFEZB2VvJOkL7iuR0mRR8-gcuNs4OISzMpdfUJ1H&LPId=0,,IO7847-001,sneakers,
Air-Jordan-4-Retro-White-Cement-2025,https://stockxllc-prod-119644310.litmos.com/course/32912918/module/39325279?moduletoken=TawELC2ai2WYphbrhGBaFsFnIhT0Y5b5sLuwNjwMLdIShgwi6WI~Un7UCFkMEHVe&LPId=0,,FV5029-100,sneakers,
Air-Jordan-5-Retro-Wolf-Grey-2026,https://stockxllc-prod-119644310.litmos.com/course/32912918/module/39325282?moduletoken=TawELC2ai2WYphbrhGBaFnjB~E~Y37lpzBA86rYtHQvZ~X6SrcJyrC1v2sd6nv2n&LPId=0,,DD0587-002,sneakers,
Nike-Book-2-Le-Premium-Fragment-Warning-Label,https://stockxllc-prod-119644310.litmos.com/course/32912918/module/39325259?moduletoken=TawELC2ai2WYphbrhGBaFiY6con3Br-jikrSGt9MRwgY1~TIMpwZ-b4-8rncUCvg&LPId=0,,IR6335-001,sneakers,
Nike-Book-2-Fragment,https://stockxllc-prod-119644310.litmos.com/course/32912918/module/39325259?moduletoken=TawELC2ai2WYphbrhGBaFiY6con3Br-jikrSGt9MRwgY1~TIMpwZ-b4-8rncUCvg&LPId=0,,IO9950-900 / IO9985 900,sneakers,
Nike-Aja-Wilson-Aone-All-Star-Warning-Label-Womens,https://stockxllc-prod-119644310.litmos.com/course/32912918/module/39325259?moduletoken=TawELC2ai2WYphbrhGBaFiY6con3Br-jikrSGt9MRwgY1~TIMpwZ-b4-8rncUCvg&LPId=0,,IB6693-610,sneakers,
Nike-Aja-Wilson-Aone-Lx-Ep-All-Star-Warning-Label-Womens,https://stockxllc-prod-119644310.litmos.com/course/32912918/module/39325259?moduletoken=TawELC2ai2WYphbrhGBaFiY6con3Br-jikrSGt9MRwgY1~TIMpwZ-b4-8rncUCvg&LPId=0,,IB6694-610,sneakers,
Air-Jordan-4-Retro-Lakers,https://stockxllc-prod-119644310.litmos.com/course/33307180/module/39733915?moduletoken=TawELC2ai2WYphbrhGBaFg5jv7~aUxzTEitPqjcT21t9tC0XAdyuy9XTy73k3Ria&LPId=0,,FV5029-500,sneakers,
Air-Jordan-13-Retro-Og-Chicago-2026,https://stockxllc-prod-119644310.litmos.com/course/33307180/module/39733914?moduletoken=TawELC2ai2WYphbrhGBaFlvxM64nroUeG1PEVLLDuOS5u5JdvIyR2iJpYkD3AuQU&LPId=0,,414571-102,sneakers,
Stussy-X-Levis-Crispy-Rinse-Trucker-Jacket-Black-Brown,https://stockxllc-prod-119644310.litmos.com/course/33307181/module/39733923?moduletoken=TawELC2ai2WYphbrhGBaFmQuXvChg-Yy0uxI3L1GNa6jWsGiNwWj5vs0o0-dgLa2&LPId=0,,,apparel,
Timberland-6-Inch-Premium-Waterproof-Wheat,"https://stockxllc-prod-119644310.litmos.com/course/32091957/module/38487374?moduletoken=TawELC2ai2WYphbrhGBaFiBpW4h1C2jSYbjf4Vokitp5HqbOuOSt1c~lnC4UVyyy&LPId=0,https://stockxllc-prod-119644310.litmos.com/course/31101067/module/37465643?moduletoken=TawELC2ai2WYphbrhGBaFtOMmUzokT7LwKJdYNxwIkacmydYdKFxXVzJSE1XlU7~&LPId=0,https://stockxllc-prod-119644310.litmos.com/course/19734761/module/25951927?LPId=0",,TB010061-713/TB110061-713/TB1100617131-TB713,shoes,
Converse-Chuck-Low-70-Tropical-Shirt,,DISCLAIMER: Each pair of these shoes is made from a unique mix of Hawaiian shirts and we cannot guarantee which pattern or color you will receive. Images are for example purposes only.,170668C,sneakers,2026-03-25
Salomon-Xt-Quest-Oamc-Black-Silver,,Passable red colour traceline under UV light,L49167100,sneakers,2026-04-02
Chrome-Hearts-Ch-Hollywood-Trucker-Hat-Camo,"https://stockxllc-prod-119644310.litmos.com/course/33510997/module/40064183?moduletoken=TawELC2ai2WYphbrhGBaFpH9fdnraGCv6k3JZZk5JeKLGAbOqcc5KHA090TpO99z&LPId=0,https://stockxllc-prod-119644310.litmos.com/course/33510997/module/40064195?LPId=0",,,accessories,2026-04-14
Supreme-Bandana-Box-Logo-Hooded-Sweatshirt-Heather-Grey,https://stockxllc-prod-119644310.litmos.com/course/33510997/module/40064174?moduletoken=TawELC2ai2WYphbrhGBaFqMdxICv9Y0fqwu5s1VbufjngztAenUtYxxMwHLDWwAy&LPId=0,,,apparel,2026-04-14
Stanley-X-Loveshackfancy-Flowstate-Quencher-40Oz-Tumbler-Bloomingheirloom,https://stockxllc-prod-119644310.litmos.com/course/33510997/module/40064186?moduletoken=TawELC2ai2WYphbrhGBaFueIPpZ1BQMd2NNCag3xoulTG1RIMRYWpXRKZD~bywTa&LPId=0,,,accessories,2026-04-14
Stanley-1913-X-Loveshackfancy-Holiday-Flowstate-Quencher-40Oz-Tumbler-Toscana-Toile-Alpine-Blue,https://stockxllc-prod-119644310.litmos.com/course/33510997/module/40064186?moduletoken=TawELC2ai2WYphbrhGBaFueIPpZ1BQMd2NNCag3xoulTG1RIMRYWpXRKZD~bywTa&LPId=0,,,accessories,2026-04-14
Stanley-1913-X-Loveshackfancy-Flowstate-Quencher-40Oz-Tumbler-Ibiza-Sunset,https://stockxllc-prod-119644310.litmos.com/course/33510997/module/40064186?moduletoken=TawELC2ai2WYphbrhGBaFueIPpZ1BQMd2NNCag3xoulTG1RIMRYWpXRKZD~bywTa&LPId=0,,,accessories,2026-04-14
Stanley-1913-X-Loveshackfancy-Flowstate-Quencher-20Oz-Tumbler-With-Handle-Ibiza-Sunset,https://stockxllc-prod-119644310.litmos.com/course/33510997/module/40064186?moduletoken=TawELC2ai2WYphbrhGBaFueIPpZ1BQMd2NNCag3xoulTG1RIMRYWpXRKZD~bywTa&LPId=0,,,accessories,2026-04-14
Hot-Wheels-Rlc-Exclusive-2025-Factory-Sealed-Set,https://stockxllc-prod-119644310.litmos.com/course/33510996/module/39946852?moduletoken=TawELC2ai2WYphbrhGBaFlfv7Cqh4keE0XTqdnbAokebFii9WQZllb2v-BlxyBS-&LPId=0,,,collectibles,2026-04-14
Mattel-Monster-High-Skullector-Coraline-Doll,https://stockxllc-prod-119644310.litmos.com/course/33510996/module/39946856?moduletoken=TawELC2ai2WYphbrhGBaFlbg9OGP7T7rzyAuTbgegdrFJYmqVhD12pItjrwmflCL&LPId=0,,,collectibles,2026-04-14
Needoh-Chicka-Deedo-Squishy-Fidget-Toy-Polka-Dot,https://stockxllc-prod-119644310.litmos.com/course/33510996/module/40072321?moduletoken=TawELC2ai2WYphbrhGBaFgPnCroCzITyFzUdb8yQAx3Og8dbumf1DroLTauT3fZi&LPId=0,,,collectibles,2026-04-14
Needoh-Chick-Squishy-Fidget-Toy,https://stockxllc-prod-119644310.litmos.com/course/33510996/module/40072321?moduletoken=TawELC2ai2WYphbrhGBaFgPnCroCzITyFzUdb8yQAx3Og8dbumf1DroLTauT3fZi&LPId=0,,,collectibles,2026-04-14
Needoh-Dippin-Dazzer-Egg-Squishy-Fidget-Toy-3X-Lot-Groovy-Haze-Nosey-Posey-Pink-Smooth-Sunrise,https://stockxllc-prod-119644310.litmos.com/course/33510996/module/40072321?moduletoken=TawELC2ai2WYphbrhGBaFgPnCroCzITyFzUdb8yQAx3Og8dbumf1DroLTauT3fZi&LPId=0,,,collectibles,2026-04-14
Cinemark-The-Super-Mario-Galaxy-Movie-Luma-Led-Popcorn-Bucket-Red,https://stockxllc-prod-119644310.litmos.com/course/33510996/module/40072324?moduletoken=TawELC2ai2WYphbrhGBaFrHHRQZhZ9N1U2lv7PictalkjsuuRhGiefw3njA60l1X&LPId=0,,,collectibles,2026-04-14
Cinemark-The-Super-Mario-Galaxy-Movie-Luma-Led-Popcorn-Bucket-Blue,https://stockxllc-prod-119644310.litmos.com/course/33510996/module/40072324?moduletoken=TawELC2ai2WYphbrhGBaFrHHRQZhZ9N1U2lv7PictalkjsuuRhGiefw3njA60l1X&LPId=0,,,collectibles,2026-04-14
Cinemark-The-Super-Mario-Galaxy-Movie-Luma-Led-Popcorn-Bucket-Yellow,https://stockxllc-prod-119644310.litmos.com/course/33510996/module/40072324?moduletoken=TawELC2ai2WYphbrhGBaFrHHRQZhZ9N1U2lv7PictalkjsuuRhGiefw3njA60l1X&LPId=0,,,collectibles,2026-04-14
Cinemark-The-Super-Mario-Galaxy-Movie-Luma-Led-Popcorn-Bucket-Green,https://stockxllc-prod-119644310.litmos.com/course/33510996/module/40072324?moduletoken=TawELC2ai2WYphbrhGBaFrHHRQZhZ9N1U2lv7PictalkjsuuRhGiefw3njA60l1X&LPId=0,,,collectibles,2026-04-14
Hoka-One-One-Speed-Loafer-Walnut-Cast-Iron,,Passable blue traceline under UV light,1162170-WNTC,shoes,2026-04-17
Starbucks-Bear-Glass-Tumbler,"https://stockxllc-prod-119644310.litmos.com/course/30939238,https://stockxllc-prod-119644310.litmos.com/course/32694759",,,collectibles,2026-02-16
Louis-Vuitton-X-Takashi-Murakami-Monogram-Multicolor-Bandeau-Bb-White-Multicolored,https://stockxllc-prod-119644310.litmos.com/course/26810925,,M94963,accessories,2025-09-29
Supreme-Box-Logo-Skateboard-Deck-Set-Red,https://stockxllc-prod-119644310.litmos.com/course/33478799,,,collectibles,2026-04-02
Air-Jordan-1-High-Og-Sp-Fragment-Design-X-Travis-Scott,https://docs.google.com/presentation/d/1FHbzxm5sxOzH9Z2naONST-2MpFOimFrL5reQ7_ICxFY/edit?slide=id.ge5cbe61f4a_0_0#slide=id.ge5cbe61f4a_0_0,,DH3227-105,sneakers,2021-07-20
Air-Jordan-1-Low-fragment-design-x-Travis-Scott,https://docs.google.com/presentation/d/18-n8vtIiXcHhaCERlrHhkJynBgGyLWwjCCu4fpL6w-E/edit?slide=id.gf597cd8fc6_0_0#slide=id.gf597cd8fc6_0_0,,DM7866-140,sneakers,2022-10-04